﻿"Año";"Periodo";"Parámetro";"Nº de millonarios (2020)";"Nº de millonarios (2021)";"Variación 20-21"
"2021";"Año";"Alemania";"2.742";"2.683";"-59"
"2021";"Año";"Australia";"1.787";"2.177";"390"
"2021";"Año";"Austria";"282";"271";"-11"
"2021";"Año";"Bélgica";"615";"589";"-26"
"2021";"Año";"Canadá";"1.862";"2.291";"429"
"2021";"Año";"China";"5.148";"6.190";"1.042"
"2021";"Año";"Corea del Sur";"1.174";"1.290";"116"
"2021";"Año";"EE.UU.";"21.990";"24.480";"2.490"
"2021";"Año";"España";"1.149";"1.132";"-17"
"2021";"Año";"Francia";"2.822";"2.796";"-26"
"2021";"Año";"India";"689";"796";"107"
"2021";"Año";"Italia";"1.548";"1.413";"-135"
"2021";"Año";"Japón";"3.760";"3.366";"-394"
"2021";"Año";"Nueva Zelanda";"238";"347";"109"
"2021";"Año";"Países Bajos";"1.205";"1.149";"-56"
"2021";"Año";"Portugal";"169";"159";"-10"
"2021";"Año";"Reino Unido";"2.584";"2.849";"265"
"2021";"Año";"Suiza";"1.039";"1.152";"113"
"2021";"Año";"Taiwan";"658";"869";"211"
"2021";"Año";"Turquía";"109";"73";"-36"
;;;;
;;;;
"Métrica":"Nº de millonarios (2020)"
"Fuente":"Informe Global de la Riqueza de Credit Suisse (edición 2022)"
"Clasificación":""
"Unidad":"(Nº de millonarios (más de 1 millón de dólares)"
"Escala":"Miles"
"EscalaFactorPotencia10":"3"
"SonDatosNumericos":"True"
;;;;
;;;;
"Métrica":"Nº de millonarios (2021)"
"Fuente":"Informe Global de la Riqueza de Credit Suisse (edición 2022)"
"Clasificación":""
"Unidad":"(Nº de millonarios (más de 1 millón de dólares)"
"Escala":"Miles"
"EscalaFactorPotencia10":"3"
"SonDatosNumericos":"True"
;;;;
;;;;
"Métrica":"Variación 20-21"
"Fuente":"Informe Global de la Riqueza de Credit Suisse (edición 2022)"
"Clasificación":""
"Unidad":"(Nº de millonarios (más de 1 millón de dólares)"
"Escala":"Miles"
"EscalaFactorPotencia10":"3"
"SonDatosNumericos":"True"
;;;;
;;;;
"Url":"https://www.epdata.es/variacion-numero-millonarios-paises/3489b920-92c2-4fd8-95b8-a2cadf54b83a"
"Titulo":"Variación del número de millonarios por países"
"Subtitulo":"* Datos en miles y de los países con información disponible en el informe"
