﻿"Año";"Periodo";"Milmillonarios en total";"Fortuna de los milmillonarios (miles de millones de dólares)"
"2007";"Marzo";"946";"4,650"
"2008";"Marzo";"1,125";"5,675"
"2009";"Marzo";"793";"3,140"
"2010";"Marzo";"1,011";"4,534"
"2011";"Marzo";"1,206";"5,570"
"2012";"Marzo";"1,226";"5,546"
"2013";"Marzo";"1,426";"6,416"
"2014";"Marzo";"1,645";"7.491"
"2015";"Marzo";"1,826";"8,317"
"2016";"Marzo";"1,810";"7,317"
"2017";"Marzo";"2,043";"8,702"
"2018";"Marzo";"2,208";"10,086"
"2019";"Marzo";"2,153";"9,466"
"2020";"Marzo";"2,095";"8,573"
"2021";"Marzo";"2,755";"13,663"
;;;
;;;
"Métrica":"Milmillonarios en total"
"Fuente":"Oxfam Intermon"
"Clasificación":""
"Unidad":"Milmillonarios"
"Escala":"Unidades"
"EscalaFactorPotencia10":"0"
"SonDatosNumericos":"True"
;;;
;;;
"Métrica":"Fortuna de los milmillonarios (miles de millones de dólares)"
"Fuente":"Oxfam Intermon"
"Clasificación":""
"Unidad":"$"
"Escala":"Miles de millones"
"EscalaFactorPotencia10":"9"
"SonDatosNumericos":"True"
;;;
;;;
"Url":"https://www.epdata.es/evolucion-milmillonarios-fortuna-mundo/d556bdc0-e9fe-4460-a19f-6616d08cf3c4"
"Titulo":"Evolución de los milmillonarios y su fortuna en el mundo"
"Subtitulo":""
