﻿"Año";"Periodo";"Parámetro";"Nº de millonarios"
"2021";"Año";"EE.UU.";"24,480"
"2021";"Año";"China";"6,190"
"2021";"Año";"Canadá";"2,291"
"2021";"Año";"Australia";"2,177"
"2021";"Año";"Reino Unido";"2,849"
"2021";"Año";"Taiwan";"869"
"2021";"Año";"Corea del Sur";"1,290"
"2021";"Año";"Suiza";"1,152"
"2021";"Año";"Nueva Zelanda";"347"
"2021";"Año";"India";"796"
"2021";"Año";"Japón";"3,366"
"2021";"Año";"Italia";"1,413"
"2021";"Año";"Alemania";"2,683"
"2021";"Año";"Países Bajos";"1,149"
"2021";"Año";"Turquía";"73"
"2021";"Año";"Bélgica";"589"
"2021";"Año";"Francia";"2,796"
"2021";"Año";"España";"1,132"
"2021";"Año";"Austria";"271"
"2021";"Año";"Portugal";"159"
;;
;;
"Métrica":"Nº de millonarios"
"Fuente":"Informe Global de la Riqueza de Credit Suisse (edición 2022)"
"Clasificación":""
"Unidad":"Nº de millonarios (más de 1 millón de dólares)"
"Escala":"Miles"
"EscalaFactorPotencia10":"3"
"SonDatosNumericos":"True"
;;
;;
"Url":"https://www.epdata.es/numero-millonarios-paises/4da6669a-d016-4dfb-9d7a-01133aed4e02"
"Titulo":"Número de millonarios por países"
"Subtitulo":"*Datos de los países con información disponible en el informe"
