year,month,rank,net_worth,last_name,first_name,full_name,birth_date,age,gender,country_of_citizenship,country_of_residence,city_of_residence,business_category,business_industries,organization_name,position_in_organization,self_made,wealth_status
2004,3,1,46.6 B,Gates,William,Bill Gates,1955-10-28,48,Male,United States,United States,Medina,,['Technology'],,,False,Increased
2004,3,2,42.9 B,,,Warren Buffett,,73,,United States,United States,Omaha,,['Investments'],,,,
2004,3,3,23.0 B,,,Karl Albrecht,,84,,Germany,Germany,Donaueschingen,,['Retail'],,,,
2004,3,4,21.5 B,,,Prince Alwaleed Bin Talal Alsaud,,47,,Saudi Arabia,Saudi Arabia,Riyadh,,['Investments'],,,,
2004,3,5,21.0 B,Allen,Paul,Paul Allen,1953-01-21,51,Male,United States,United States,Mercer Island,,['Technology'],,,False,Increased
2004,3,6,20.0 B,,,Alice Walton,,55,,United States,United States,Fort Worth,,['Retail'],,,,
2004,3,6,20.0 B,,,Jim Walton,,56,,United States,United States,Bentonville,,['Retail'],,,,
2004,3,6,20.0 B,,,S. Robson Walton,,60,,United States,United States,Bentonville,,['Retail'],,,,
2004,3,11,18.8 B,,,Liliane Bettencourt,,81,,France,France,Paris,,['Manufacturing'],,,,
2004,3,12,18.7 B,,,Lawrence Ellison,,59,,United States,United States,Redwood Shores,,['Software'],,,,
2004,3,13,18.5 B,,,Ingvar Kamprad & family,,77,,Sweden,Switzerland,Lausanne,,['Retail'],,,,
2004,3,17,13.9 B,,,Carlos Slim Helu & family,,64,,Mexico,Mexico,Mexico City,,,,,,
2004,3,18,13.0 B,,,Michael Dell,,39,,United States,United States,Round Rock,,,,,,
2004,3,19,12.4 B,Ballmer,Steven,Steve Ballmer,1956-03-24,47,Male,United States,United States,Hunts Point,,['Technology'],,,False,Increased
2004,3,19,12.4 B,,,Ka-shing Li,,75,,Hong Kong,Hong Kong,Hong Kong,,,,,,
2004,3,21,12.2 B,,,Bernard Arnault,,55,,France,France,Paris,,,,,,
2004,3,22,11.4 B,,,Kwok family,,0,,Hong Kong,Hong Kong,Hong Kong,,['Real Estate'],,,,
2004,3,23,11.2 B,Chambers,Anne Cox,Anne Cox Chambers,1919-12-01,84,Female,United States,United States,Atlanta,,['Media'],,,False,Increased
2004,3,25,10.6 B,,,Roman Abramovich,,37,,Russia,Russia,Anadyr,,['Oil'],,,,
2004,3,27,10.4 B,,,Forrest Mars,,72,,United States,United States,McLean,,['Food'],,,,
2004,3,27,10.4 B,,,Jacqueline Mars,,65,,United States,United States,Bedminster,,['Food'],,,,
2004,3,27,10.4 B,,,John Mars,,67,,United States,United States,Arlington,,['Food'],,,,
2004,3,30,10.0 B,,,Silvio Berlusconi & family,,67,,Italy,Italy,North of Milan,,['Media'],,,,
2004,3,31,9.8 B,,,Abigail Johnson,,42,,United States,United States,Boston,,['Finance'],,,,
2004,3,32,9.3 B,,,Birgit Rausing & family,,80,,Sweden,Switzerland,,,['Manufacturing'],,,,
2004,3,33,9.2 B,,,Amancio Ortega,,68,,Spain,Spain,La Coruna,,['Apparel'],,,,
2004,3,34,9.1 B,Ergen,Charles,Charles Ergen,1953-03-01,51,Male,United States,United States,Denver,,['Media'],,,False,Increased
2004,3,35,8.9 B,,,Sumner Redstone,,80,,United States,United States,Beverly Hills,,['Media'],,,,
2004,3,36,8.7 B,,,Gerald Cavendish Grosvenor & family,,52,,United Kingdom,United Kingdom,Chester,,['Real Estate'],,,,
2004,3,37,8.6 B,,,Stefan Persson,,56,,Sweden,Sweden,Stockholm,,['Retail'],,,,
2004,3,38,8.5 B,,,Pierre Omidyar,,36,,United States,United States,Henderson,,,,,,
2004,3,39,8.4 B,Al-Kharafi,Nasser,Nasser Al-Kharafi & family,1943-06-17,60,Male,Kuwait,,,,['Diversified'],,,False,Increased
2004,3,40,8.1 B,,,Susanne Klatten,,42,,Germany,Germany,Bad Homburg,,['Pharmaceuticals'],,,,
2004,3,41,8.0 B,,,Michael Otto & family,,60,,Germany,Germany,Hamburg,,['Retail'],,,,
2004,3,41,8.0 B,,,Hans Rausing,,77,,Sweden,United Kingdom,Wadhurst,,['Manufacturing'],,,,
2004,3,43,7.8 B,,,Rupert Murdoch,,73,,United States,United States,New York,,['Media'],,,,
2004,3,44,7.7 B,,,Donald Newhouse,,74,,United States,United States,Somerset County,,['Media'],,,,
2004,3,44,7.7 B,,,Samuel Newhouse,,76,,United States,United States,New York,,['Media'],,,,
2004,3,44,7.7 B,,,Galen Weston & family,,63,,Canada,Canada,Toronto,,['Retail'],,,,
2004,3,47,7.6 B,,,Carl Icahn,,68,,United States,United States,New York,,['Investments'],,,,
2004,3,47,7.6 B,,,Thomas Pritzker,,53,,United States,United States,Chicago,,,,,,
2004,3,51,7.4 B,,,Ernesto Bertarelli & family,,38,,Switzerland,Switzerland,Geneva,,['Pharmaceuticals'],,,,
2004,3,53,7.1 B,Knight,Philip,Phil Knight,1938-02-24,66,Male,United States,United States,Hillsboro,,['Fashion and Retail'],,,False,Increased
2004,3,54,7.0 B,,,George Soros,,73,,United States,United States,Bedford,,['Finance'],,,,
2004,3,55,6.9 B,,,Leonardo Del Vecchio,,68,,Italy,Italy,Milan,,['Manufacturing'],,,,
2004,3,57,6.8 B,,,August von Finck,,73,,Germany,Switzerland,Thurgau,,['Investments'],,,,
2004,3,58,6.7 B,,,Azim Premji,,58,,India,India,Bangalore,,,,,,
2004,3,59,6.5 B,,,Stefan Quandt,,38,,Germany,Germany,Bad Homburg,,['Manufacturing'],,,,
2004,3,60,6.4 B,,,Serge Dassault & family,,79,,France,France,Paris,,['Manufacturing'],,,,
2004,3,61,6.3 B,,,Shau Kee Lee,,76,,Hong Kong,Hong Kong,Hong Kong,,['Real Estate'],,,,
2004,3,62,6.2 B,,,Lakshmi Mittal,,53,,India,United Kingdom,London,,['Manufacturing'],,,,
2004,3,64,6.1 B,,,Maria-Elisabeth &#38; Georg Schaeffler,,0,,Germany,Germany,,,['Manufacturing'],,,,
2004,3,65,6.0 B,,,Mukesh Ambani,,46,,India,India,Bombay,,['Manufacturing'],,,,
2004,3,65,6.0 B,,,Kirk Kerkorian,,86,,United States,United States,Los Angeles,,['Investments'],,,,
2004,3,65,6.0 B,,,Ty Warner,,60,,United States,United States,Chicago,,['Manufacturing'],,,,
2004,3,68,5.9 B,Arison,Micky,Micky Arison,1949-06-29,54,,n/a,United States,Bal Harbour,,['Service'],,,False,Increased
2004,3,68,5.9 B,,,Curt Engelhorn,,77,,Germany,Bermuda,,,['Pharmaceuticals'],,,,
2004,3,70,5.8 B,,,Eli Broad,,70,,United States,United States,Brentwood,,['Manufacturing'],,,,
2004,3,73,5.6 B,,,Mikhail Fridman,,39,,Russia,Russia,Moscow,,['Oil'],,,,
2004,3,73,5.6 B,,,Alain &#38; Gerard Wertheimer,,0,,France,France,Paris,,['Apparel'],,,,
2004,3,75,5.5 B,,,Gordon Moore,,75,,United States,United States,Woodside,,,,,,
2004,3,76,5.4 B,,,Hasso Plattner,,60,,Germany,Germany,Heidelberg,,['Software'],,,,
2004,3,78,5.3 B,,,Johanna Quandt,,76,,Germany,Germany,Bad Homburg,,['Manufacturing'],,,,
2004,3,80,5.2 B,,,Philip Anschutz,,64,,United States,United States,Denver,,,,,,
2004,3,80,5.2 B,,,Antonia Johnson,,60,,Sweden,Sweden,Stockholm,,,,,,
2004,3,82,5.1 B,Bezos,Jeffrey,Jeff Bezos,1964-01-12,40,Male,United States,United States,Seattle,,['Technology'],,,False,Increased
2004,3,84,5.0 B,,,Philip &#38; Cristina Green,,52,,United Kingdom,Monaco,Monaco,,['Retail'],,,,
2004,3,85,4.9 B,,,Michael Bloomberg,,61,,United States,United States,New York,,['Media'],,,,
2004,3,85,4.9 B,,,Eitaro Itoyama,,61,,Japan,Japan,Tokyo,,['Real Estate'],,,,
2004,3,85,4.9 B,,,Edward Johnson,,73,,United States,United States,Boston,,['Finance'],,,,
2004,3,85,4.9 B,,,Vladimir Potanin,,43,,Russia,Russia,Moscow,,,,,,
2004,3,90,4.8 B,,,Mikhail Prokhorov,,38,,Russia,Russia,Moscow,,,,,,
2004,3,91,4.7 B,,,Francois Pinault & family,,67,,France,France,Paris,,,,,,
2004,3,94,4.6 B,Arison,Shari,Shari Arison,1957-09-09,46,Female,Israel,Israel,Tel Aviv,,['Finance'],,,False,Increased
2004,3,94,4.6 B,,,Gustavo Cisneros & family,,58,,Venezuela,Venezuela,Caracas,,['Media'],,,,
2004,3,94,4.6 B,,,Charlene de Carvalho-Heineken,,49,,Netherlands,United Kingdom,London,,['Beverages'],,,,
2004,3,94,4.6 B,,,Karl-Heinz Kipp,,80,,Germany,Switzerland,Arosa,,['Real Estate'],,,,
2004,3,94,4.6 B,,,Jim Pattison,,75,,Canada,Canada,Vancouver,,,,,,
2004,3,100,4.5 B,,,Luciano Benetton,,68,,Italy,Italy,Treviso,,['Apparel'],,,,
2004,3,100,4.5 B,Haefner,Walter,Walter Haefner,1910-09-13,93,Male,Switzerland,,,,['Technology'],,,False,Increased
2004,3,100,4.5 B,,,Erivan Haub & family,,71,,Germany,Germany,Muelheim an der Ruhr,,['Retail'],,,,
2004,2,103,4.4 B,Fukuda,Yoshitaka,Yoshitaka Fukuda,1947-10-14,56,Male,Japan,Japan,Kyoto,,,,,True,Increased
2004,3,103,4.4 B,,,Spiro Latsis & family,,57,,Greece,Switzerland,Geneva,,,,,,
2004,3,103,4.4 B,,,Nicky Oppenheimer & family,,58,,South Africa,South Africa,Johannesburg,,,,,,
2004,3,103,4.4 B,,,Jeffrey Skoll,,39,,Canada,United States,San Jose,,,,,,
2004,3,103,4.4 B,,,Reinhold Wurth,,68,,Germany,Germany,Kuenzelsau,,['Manufacturing'],,,,
2004,3,111,4.2 B,,,Kunio Busujima & family,,78,,Japan,Japan,Kiryu,,,,,,
2004,3,111,4.2 B,,,Robert Kuok,,81,,Malaysia,Hong Kong,Hong Kong,,['Agriculture'],,,,
2004,3,115,4.1 B,,,Lorenzo Mendoza & family,,38,,Venezuela,Venezuela,Caracas,,['Beverages'],,,,
2004,3,116,4.0 B,,,Jeronimo Arango & family,,78,,Mexico,Mexico,,,['Retail'],,,,
2004,3,116,4.0 B,,,Donald Bren,,71,,United States,United States,Newport Beach,,['Real Estate'],,,,
2004,3,116,4.0 B,,,David Geffen,,61,,United States,United States,Malibu,,['Media'],,,,
2004,3,116,4.0 B,,,Charles Koch,,68,,United States,United States,Wichita,,['Oil'],,,,
2004,3,116,4.0 B,,,David Koch,,63,,United States,United States,New York,,['Oil'],,,,
2004,3,116,4.0 B,,,David Sainsbury,,63,,United Kingdom,United Kingdom,London,,['Retail'],,,,
2004,3,122,3.9 B,,,Michael Kadoorie & family,,63,,Hong Kong,Hong Kong,Hong Kong,,,,,,
2004,3,124,3.8 B,,,"James, Arthur &#38; John Irving",,0,,Canada,Canada,Saint John,,['Oil'],,,,
2004,3,124,3.8 B,,,Vladimir Lisin,,47,,Russia,Russia,Moscow,,,,,,
2004,3,124,3.8 B,,,Ronald Perelman,,61,,United States,United States,New York,,['Investments'],,,,
2004,3,124,3.8 B,Perot,Henry Ross,Henry Ross Perot Sr,1930-06-27,73,Male,United States,United States,Dallas,,['Technology'],,,False,Increased
2004,3,128,3.7 B,,,Abdul Aziz Al Ghurair & family,,50,,United Arab Emirates,United Arab Emirates,Dubai,,['Finance'],,,,
2004,3,128,3.7 B,,,Jean-Claude Decaux & family,,66,,France,France,Paris,,['Media'],,,,
2004,3,128,3.7 B,,,Michele Ferrero & family,,77,,Italy,Belgium,Brussels,,['Food'],,,,
2004,3,132,3.6 B,Crown,Lester,Lester Crown & family,1925-06-07,78,Male,United States,United States,Wilmette,,['Investments'],,,False,Increased
2004,3,132,3.6 B,,,Charles Schwab,,66,,United States,United States,Atherton,,,,,,
2004,3,132,3.6 B,,,William Wrigley,,40,,United States,United States,Lake Forest,,['Food'],,,,
2004,3,136,3.5 B,,,Bernard Ecclestone & family,,73,,United Kingdom,United Kingdom,London,,,,,,
2004,3,136,3.5 B,,,John Menard,,64,,United States,United States,Eau Claire,,['Retail'],,,,
2004,3,136,3.5 B,Mordashov,Alexey,Alexey Mordashov,1965-09-26,38,Male,Russia,Russia,Moscow,,['Metals & Mining'],,,False,Increased
2004,3,140,3.4 B,,,Kun-Hee Lee,,62,,South Korea,South Korea,Seoul,,,,,,
2004,3,140,3.4 B,,,Klaus Tschira,,63,,Germany,Germany,Heidelberg,,['Software'],,,,
2004,3,143,3.3 B,,,Oleg Deripaska,,35,,Russia,Russia,Moscow,,['Manufacturing'],,,,
2004,3,143,3.3 B,,,Ann Walton Kroenke,,54,,United States,United States,Columbia,,['Retail'],,,,
2004,3,143,3.3 B,,,Anton Schlecker,,59,,Germany,Germany,Ehingen,,['Retail'],,,,
2004,3,143,3.3 B,,,Viktor Vekselberg,,46,,Russia,Russia,Moscow,,['Oil'],,,,
2004,3,147,3.2 B,,,Riley Bechtel,,51,,United States,United States,San Francisco,,,,,,
2004,3,147,3.2 B,,,Stephen Bechtel,,78,,United States,United States,San Francisco,,,,,,
2004,3,147,3.2 B,,,Kumar Birla,,36,,India,India,Bombay,,,,,,
2004,3,147,3.2 B,Cook,William,William Cook,1931-09-01,72,Male,United States,,,,['Health care'],,,False,Remained Even
2004,3,147,3.2 B,,,Ananda Krishnan,,65,,Malaysia,Malaysia,Kuala Lumpur,,,,,,
2004,3,153,3.1 B,,,Sulaiman Al Rajhi,,84,,Saudi Arabia,Saudi Arabia,Jeddah,,['Finance'],,,,
2004,3,153,3.1 B,,,Leonard Lauder,,70,,United States,United States,New York,,['Apparel'],,,,
2004,3,159,3.0 B,,,David &#38; Frederick Barclay,,0,,United Kingdom,United Kingdom,,,['Retail'],,,,
2004,3,159,3.0 B,,,Heidi Horten,,63,,Austria,Austria,Vienna,,['Retail'],,,,
2004,3,159,3.0 B,,,George Kaiser,,61,,United States,United States,Tulsa,,['Oil'],,,,
2004,3,159,3.0 B,Lucas,George,George Lucas,1944-05-14,59,Male,United States,United States,San Anselmo,,['Media'],,,False,Remained Even
2004,3,159,3.0 B,,,Sergio Mantegazza,,76,,Switzerland,Switzerland,Lugano,,,,,,
2004,3,159,3.0 B,,,Bernard (Barry) Sherman,,62,,Canada,Canada,Toronto,,['Pharmaceuticals'],,,,
2004,3,159,3.0 B,Taylor,Jack,Jack Taylor & family,1922-09-01,81,Male,United States,United States,St. Louis,,['Service'],,,False,Remained Even
2004,3,170,2.9 B,,,Aloysio de Andrade Faria,,83,,Brazil,Brazil,Sao Paulo,,['Finance'],,,,
2004,3,170,2.9 B,Goodnight,James,James Goodnight,1943-01-06,61,Male,United States,United States,Cary,,['Technology'],,,False,Decreased
2004,3,170,2.9 B,,,Thomas Schmidheiny,,58,,Switzerland,Switzerland,Jona,,['Construction &#38; Engineering'],,,,
2004,3,170,2.9 B,Wexner,Leslie,Leslie Wexner,1937-09-08,68,Male,United States,United States,New Albany,,['Fashion and Retail'],,,False,Increased
2004,3,176,2.8 B,,,Terry Gou,,0,,Taiwan,Taiwan,Taipei,,,,,,
2004,3,176,2.8 B,,,Michael Herz,,58,,Germany,Germany,,,['Retail'],,,,
2004,3,176,2.8 B,Hillman,Henry,Henry Hillman,1918-12-25,85,,n/a,United States,Pittsburgh,,['Investments'],,,False,Decreased
2004,3,176,2.8 B,Kwek,Leng Beng,Kwek Leng Beng & family,1941-01-01,63,Male,Singapore,,Singapore,,,,,False,Increased
2004,3,176,2.8 B,,,Nancy Walton Laurie,,52,,United States,United States,Columbia,,['Retail'],,,,
2004,3,176,2.8 B,,,Eliodoro Matte & family,,58,,Chile,Chile,Santiago,,,,,,
2004,3,176,2.8 B,McCaw,Craig,Craig McCaw,1949-08-11,54,Male,United States,United States,Hunts Point,,['Media'],,,False,Increased
2004,3,176,2.8 B,,,Richard Schulze,,63,,United States,United States,Edina,,['Retail'],,,,
2004,2,176,2.8 B,Wang,Patrick,Patrick Wang,1950-09-01,53,Male,Hong Kong,Hong Kong,Hong Kong,Manufacturing,['Manufacturing'],,,False,Increased
2004,3,186,2.7 B,,,Vagit Alekperov,,53,,Russia,Russia,Moscow,,['Oil'],,,,
2004,3,186,2.7 B,,,Otto Beisheim,,80,,Germany,Switzerland,Zoug,,['Retail'],,,,
2004,3,186,2.7 B,,,Edgar Bronfman,,75,,United States,United States,New York,,['Food'],,,,
2004,3,186,2.7 B,,,Otto Happel,,56,,Germany,Switzerland,Luzerne,,['Construction &#38; Engineering'],,,,
2004,3,186,2.7 B,,,Sunil Mittal & family,,46,,India,India,Delhi,,,,,,
2004,3,186,2.7 B,Ofer,Sammy,Sammy Ofer & family,1922-01-01,0,Male,Israel,,,,['Logistics'],,,False,Increased
2004,3,186,2.7 B,,,A. Jerrold Perenchio,,73,,United States,United States,Bel Air,,['Media'],,,,
2004,3,186,2.7 B,,,Robert Rowling,,50,,United States,United States,Dallas,,,,,,
2004,3,186,2.7 B,,,Ferit Sahenk,,40,,Turkey,Turkey,Istanbul,,['Finance'],,,,
2004,3,186,2.7 B,,,Michael &#38; Rainer Schmidt-Ruthenbeck,,0,,Germany,Germany,Duisburg,,['Retail'],,,,
2004,3,186,2.7 B,,,Karl Wlaschek,,86,,Austria,Austria,Vienna,,['Retail'],,,,
2004,3,198,2.6 B,,,Robert Bass,,56,,United States,United States,Fort Worth,,['Oil'],,,,
2004,3,198,2.6 B,,,Wolfgang Herz,,53,,Germany,Germany,,,['Retail'],,,,
2004,3,198,2.6 B,,,Charles Johnson,,71,,United States,United States,San Mateo,,['Finance'],,,,
2004,2,198,2.6 B,Liebherr,Willi &#38; Isolde,Willi & Isolde Liebherr & family,,,,Switzerland,Switzerland,Bulle,Construction & Engineering,['Construction & Engineering'],,,False,Increased
2004,3,198,2.6 B,,,Stephan Schmidheiny,,56,,Switzerland,Switzerland,Zurich,,['Investments'],,,,
2004,3,205,2.5 B,,,Charles Bronfman,,72,,Canada,Canada,Montreal,,['Beverages'],,,,
2004,3,205,2.5 B,Huntsman,Jon,Jon Huntsman,1937-06-21,66,Male,United States,United States,Salt Lake City,,,,,False,Remained Even
2004,3,205,2.5 B,Ingram,Martha,Martha Ingram & family,1935-08-20,68,Female,United States,United States,Nashville,,['Media'],,,False,Increased
2004,3,205,2.5 B,,,Masatoshi Ito,,79,,Japan,Japan,Tokyo,,['Retail'],,,,
2004,3,205,2.5 B,,,Kjeld Kirk Kristiansen,,56,,Denmark,Denmark,Billund,,['Manufacturing'],,,,
2004,3,205,2.5 B,,,David Rockefeller,,88,,United States,United States,New York,,['Oil'],,,,
2004,3,205,2.5 B,Spielberg,Steven,Steven Spielberg,1946-12-18,57,Male,United States,United States,Pacific Palisades,,['Media'],,,False,Increased
2004,3,205,2.5 B,Trump,Donald,Donald Trump,1946-06-14,58,Male,United States,United States,New York,,['Real Estate'],,,False,Increased
2004,3,216,2.4 B,,,Hubert Burda,,64,,Germany,Germany,Munich,,['Media'],,,,
2004,3,216,2.4 B,,,Charles Cadogan & family,,66,,United Kingdom,United Kingdom,London,,['Real Estate'],,,,
2004,3,216,2.4 B,,,Paul Desmarais,,77,,Canada,Canada,Montreal,,,,,,
2004,3,216,2.4 B,,,Richard DeVos,,78,,United States,United States,Ada,,,,,,
2004,3,216,2.4 B,,,John Dorrance,,60,,Ireland,Ireland,Dublin,,['Food'],,,,
2004,3,216,2.4 B,,,Ryoichi Jinnai,,77,,Japan,Japan,Hokkaido,,['Finance'],,,,
2004,3,216,2.4 B,,,Barbara Piasecka Johnson,,67,,United States,Monaco,Monte Carlo,,['Health Care'],,,,
2004,3,216,2.4 B,,,Frank Lowy & family,,73,,Australia,Australia,Sydney,,['Real Estate'],,,,
2004,3,216,2.4 B,,,Akira Mori & family,,66,,Japan,Japan,Tokyo,,['Real Estate'],,,,
2004,3,216,2.4 B,,,Masayoshi Son,,46,,Japan,Japan,Tokyo,,['Software'],,,,
2004,3,216,2.4 B,,,"Robert E ""Ted"" Turner",,65,,United States,United States,Lamont,,['Media'],,,,
2004,3,216,2.4 B,,,Steven Udvar-Hazy,,58,,United States,United States,Beverly Hills,,,,,,
2004,3,231,2.3 B,,,Alberto Bailleres & family,,71,,Mexico,Mexico,Mexico City,,,,,,
2004,3,231,2.3 B,,,Ronald Burkle,,51,,United States,United States,Los Angeles,,['Investments'],,,,
2004,3,231,2.3 B,Butt,Charles,Charles Butt & family,1938-02-03,65,,n/a,United States,San Antonio,,['Fashion and Retail'],,,False,Increased
2004,3,231,2.3 B,,,Clive Calder,,57,,United Kingdom,United States,New York,,['Media'],,,,
2004,3,231,2.3 B,,,Yu-tung Cheng,,78,,Hong Kong,Hong Kong,Hong Kong,,['Real Estate'],,,,
2004,3,231,2.3 B,,,Bradley Hughes,,70,,United States,United States,Bel Air,,,,,,
2004,3,231,2.3 B,,,Ray Lee Hunt,,61,,United States,United States,Dallas,,['Oil'],,,,
2004,3,231,2.3 B,,,Peter Kellogg,,61,,United States,United States,Short Hills,,['Finance'],,,,
2004,3,231,2.3 B,,,Ralph Lauren,,65,,United States,United States,New York,,['Apparel'],,,,
2004,3,231,2.3 B,,,Pallonji Mistry,,74,,India,India,Mumbai,,['Construction &#38; Engineering'],,,,
2004,3,231,2.3 B,,,Wan-Tsai Tsai & family,,0,,Taiwan,Taiwan,Taipei,,['Finance'],,,,
2004,3,247,2.2 B,,,Giorgio Armani,,69,,Italy,Italy,Milan,,['Apparel'],,,,
2004,3,247,2.2 B,,,Heinz Bauer,,64,,Germany,Germany,Hamburg,,['Media'],,,,
2004,3,247,2.2 B,,,Richard Branson,,53,,United Kingdom,United Kingdom,London,,['Shipping'],,,,
2004,3,247,2.2 B,,,David Filo,,37,,United States,United States,Mountain View,,,,,,
2004,3,247,2.2 B,,,Tetsuro Funai,,77,,Japan,Japan,Osaka,,['Manufacturing'],,,,
2004,3,247,2.2 B,,,Amos Hostetter,,67,,United States,United States,Boston,,['Media'],,,,
2004,3,247,2.2 B,,,Rupert Johnson,,63,,United States,United States,San Mateo,,['Finance'],,,,
2004,3,247,2.2 B,Marcus,Bernard,Bernard Marcus,1929-05-12,74,Male,United States,United States,Atlanta,,['Fashion and Retail'],,,False,Increased
2004,3,247,2.2 B,,,Leonard Stern,,65,,United States,United States,New York,,['Real Estate'],,,,
2004,3,247,2.2 B,,,Takemitsu Takizaki,,58,,Japan,Japan,Osaka,,['Manufacturing'],,,,
2004,3,247,2.2 B,,,Cho Yaw Wee & family,,75,,Singapore,Singapore,Singapore,,['Finance'],,,,
2004,3,247,2.2 B,,,Samuel Zell,,62,,United States,United States,Chicago,,['Real Estate'],,,,
2004,3,262,2.1 B,,,Doris Fisher,,73,,United States,United States,San Francisco,,['Apparel'],,,,
2004,3,262,2.1 B,,,Philippe Foriel-Destezet,,68,,France,United Kingdom,London,,,,,,
2004,3,262,2.1 B,,,Rolf Gerling,,49,,Germany,Switzerland,Zurich,,['Insurance'],,,,
2004,3,262,2.1 B,Getty,Gordon,Gordon Getty,1933-12-20,69,Male,United States,United States,San Francisco,,['Energy'],,,False,Remained Even
2004,3,262,2.1 B,Jobs,Steven,Steve Jobs,1955-02-24,49,Male,United States,,,,['Technology'],,,False,Increased
2004,3,262,2.1 B,Lerner,Randolph,Randolph Lerner,1962-02-21,40,Male,United States,United States,Cleveland,,['Finance'],,,False,
2004,3,262,2.1 B,,,Leng Chan Quek,,63,,Malaysia,Malaysia,Kuala Lumpur,,['Finance'],,,,
2004,3,262,2.1 B,Spangler,Clemmie,Clemmie Spangler Jr,1932-04-05,71,Male,United States,United States,Charlotte,,['Investments'],,,False,Increased
2004,3,262,2.1 B,,,Albert von Thurn und Taxis,,20,,Germany,Germany,Regensburg,,,,,,
2004,3,277,2.0 B,,,Martin &#38; Olivier Bouygues,,52,,France,France,Paris,,,,,,
2004,3,277,2.0 B,,,Ennio Doris & family,,63,,Italy,Italy,Tombolo,,['Insurance'],,,,
2004,3,277,2.0 B,,,Adi Godrej & family,,61,,India,India,Bombay,,['Manufacturing'],,,,
2004,3,277,2.0 B,,,Roberto Hernandez Ramirez,,61,,Mexico,Mexico,Mexico City,,['Finance'],,,,
2004,3,277,2.0 B,,,Klaus-Michael Kuhne,,66,,Germany,Switzerland,Schwytz,,['Shipping'],,,,
2004,3,277,2.0 B,,,Ronald Lauder,,59,,United States,United States,New York,,['Apparel'],,,,
2004,3,277,2.0 B,,,Lev Leviev,,48,,Israel,Israel,B'nei Brak,,['Manufacturing'],,,,
2004,3,277,2.0 B,,,Patrick McGovern,,66,,United States,United States,Boston,,['Media'],,,,
2004,3,277,2.0 B,,,John Morgridge,,70,,United States,United States,San Jose,,,,,,
2004,3,277,2.0 B,,,Henry Nicholas,,45,,United States,United States,Laguna Hills,,,,,,
2004,2,277,2.0 B,Perfetti,Augusto &#38; Giorgio,Augusto & Giorgio Perfetti,,,,Italy,Switzerland,Lugano,Food and Beverage,['Food and Beverage'],,,False,
2004,3,277,2.0 B,,,Richard Rainwater,,59,,United States,United States,Fort Worth,,['Finance'],,,,
2004,3,277,2.0 B,,,Steven Rales,,51,,United States,United States,Washington,,['Manufacturing'],,,,
2004,3,277,2.0 B,,,Friede Springer,,61,,Germany,Germany,Berlin,,['Media'],,,,
2004,3,293,1.9 B,,,Leonard Blavatnik,,46,,United States,United States,New York,,['Oil'],,,,
2004,3,293,1.9 B,,,John Fredriksen,,59,,Norway,Norway,Oslo,,['Shipping'],,,,
2004,3,293,1.9 B,,,Donald Hall,,75,,United States,United States,Mission Hills,,['Manufacturing'],,,,
2004,3,293,1.9 B,,,Daniela Herz,,50,,Germany,Germany,,,['Retail'],,,,
2004,3,293,1.9 B,,,Gunter Herz,,63,,Germany,Germany,Hamburg,,['Retail'],,,,
2004,3,293,1.9 B,,,Michael Krasny,,50,,United States,United States,Vernon Hills,,,,,,
2004,3,293,1.9 B,,,Mitchell Rales,,47,,United States,United States,Washington,,['Manufacturing'],,,,
2004,3,293,1.9 B,,,Bruno Schroder & family,,71,,United Kingdom,United Kingdom,London,,['Finance'],,,,
2004,3,293,1.9 B,,,Evgeny (Eugene) Shvidler,,39,,United States,Russia,Moscow,,['Oil'],,,,
2004,3,293,1.9 B,,,Glen Taylor,,62,,United States,United States,Mankato,,,,,,
2004,3,293,1.9 B,,,Tadashi Yanai & family,,55,,Japan,Japan,Yamaguchi,,['Retail'],,,,
2004,3,293,1.9 B,,,Jerry Yang,,35,,United States,United States,Los Altos,,,,,,
2004,3,310,1.8 B,Abraham,S. Daniel,S. Daniel Abraham,1924-08-15,79,Male,United States,United States,Palm Beach,,['Food and Beverage'],,,False,Remained Even
2004,3,310,1.8 B,,,Sheldon Adelson,,70,,United States,United States,Las Vegas,,,,,,
2004,3,310,1.8 B,,,Herbert Allen & family,,64,,United States,United States,New York,,['Finance'],,,,
2004,3,310,1.8 B,,,Emilio Botin,,69,,Spain,Spain,Santander,,['Finance'],,,,
2004,3,310,1.8 B,,,John de Mol,,48,,Netherlands,Netherlands,,,['Media'],,,,
2004,3,310,1.8 B,,,Charles Dolan & family,,77,,United States,United States,Oyster Bay,,['Media'],,,,
2004,3,310,1.8 B,,,Stein Erik Hagen & family,,47,,Norway,Norway,Oslo,,['Retail'],,,,
2004,3,310,1.8 B,,,Alfredo Harp Helu & family,,60,,Mexico,Mexico,Mexico City,,['Finance'],,,,
2004,3,310,1.8 B,Huizenga,H. Wayne,H. Wayne Huizenga,1937-12-29,66,Male,United States,United States,Fort Lauderdale,,['Investments'],,,False,Increased
2004,3,310,1.8 B,,,Jess Jackson,,74,,United States,United States,Healdsburg,,['Food'],,,,
2004,3,310,1.8 B,Kim,James,James Kim & family,1936-01-08,68,Male,United States,United States,Bryn Mawr,,['Technology'],,,False,Returned to List
2004,3,310,1.8 B,,,Bruce Kovner,,58,,United States,United States,New York,,['Finance'],,,,
2004,3,310,1.8 B,Lee,Seng Wee,Lee Seng Wee,1931-01-01,79,Male,Singapore,Singapore,Singapore,,,,,False,Increased
2004,3,310,1.8 B,,,John Malone,,63,,United States,United States,Parker,,['Media'],,,,
2004,3,310,1.8 B,,,Kenneth Morrison,,72,,United Kingdom,United Kingdom,Bradford,,['Retail'],,,,
2004,3,310,1.8 B,,,Shiv Nadar,,58,,India,India,New Delhi,,,,,,
2004,3,310,1.8 B,,,Ricardo Salinas Pliego & family,,48,,Mexico,Mexico,Mexico City,,['Retail'],,,,
2004,3,310,1.8 B,,,Henry Samueli,,49,,United States,United States,Newport Beach,,,,,,
2004,3,310,1.8 B,Sperling,John,John Sperling,1921-01-09,83,Male,United States,United States,Phoenix,,['Service'],,,False,Increased
2004,3,310,1.8 B,Sperling,Peter,Peter Sperling,1959-11-22,44,Male,United States,United States,Phoenix,,['Service'],,,False,Increased
2004,3,310,1.8 B,,,Jon Stryker,,45,,United States,United States,Kalamazoo,,['Health Care'],,,,
2004,3,310,1.8 B,,,Ronda Stryker,,49,,United States,United States,Portage,,['Health Care'],,,,
2004,3,310,1.8 B,,,Dennis Washington,,69,,United States,United States,Missoula,,['Investments'],,,,
2004,3,310,1.8 B,,,Arne Wilhelmsen & family,,74,,Norway,Norway,Oslo,,['Shipping'],,,,
2004,3,310,1.8 B,,,Michael Ying,,54,,Hong Kong,Hong Kong,Hong Kong,,['Apparel'],,,,
2004,3,342,1.7 B,,,Vladimir Bogdanov,,52,,Russia,Russia,Surgut,,['Oil'],,,,
2004,3,342,1.7 B,,,Dhanin Chearavanont,,64,,Thailand,Thailand,Bangkok,,['Agriculture'],,,,
2004,3,342,1.7 B,Frist,Thomas,Thomas Frist Jr & family,1938-08-12,65,Male,United States,United States,Nashville,,['Health care'],,,False,Increased
2004,3,342,1.7 B,,,Hans-Werner Hector,,64,,Germany,Germany,Weinheim,,,,,,
2004,3,342,1.7 B,,,Esther Koplowitz,,53,,Spain,Spain,Barcelona,,['Construction &#38; Engineering'],,,,
2004,3,342,1.7 B,Malone,Mary Alice Dorrance,Mary Alice Dorrance Malone,1950-02-03,54,Female,United States,United States,Coatesville,,['Food and Beverage'],,,False,Increased
2004,3,342,1.7 B,,,Clayton Mathile,,63,,United States,United States,Dayton,,['Food'],,,,
2004,3,342,1.7 B,,,David Murdock,,80,,United States,United States,Los Angeles,,['Investments'],,,,
2004,3,342,1.7 B,,,Johann Rupert & family,,53,,South Africa,South Africa,Stellenbosch,,['Retail'],,,,
2004,3,342,1.7 B,,,Haim Saban,,59,,United States,United States,Beverly Hills,,['Media'],,,,
2004,3,342,1.7 B,,,Emanuele (Lino) Saputo,,67,,Canada,Canada,Quebec,,['Food'],,,,
2004,3,342,1.7 B,Shi,Wen Long,Shi Wen Long,1928-02-01,76,Male,Taiwan,,,,['Manufacturing'],,,False,Returned to List
2004,3,356,1.6 B,,,Isak Andic,,49,,Spain,Spain,Barcelona,,['Retail'],,,,
2004,3,356,1.6 B,,,Stanley Druckenmiller,,50,,United States,United States,New York,,['Finance'],,,,
2004,3,356,1.6 B,,,B. Thomas Golisano,,62,,United States,United States,Rochester,,,,,,
2004,3,356,1.6 B,,,Alec Gores,,51,,United States,United States,Beverly Hills,,['Finance'],,,,
2004,3,356,1.6 B,,,Tom Gores,,39,,United States,United States,Beverly Hills,,['Finance'],,,,
2004,3,356,1.6 B,,,Richard Kinder,,60,,United States,United States,Houston,,['Oil'],,,,
2004,3,356,1.6 B,Lerner,Nancy,Nancy Lerner,1960-04-20,42,Female,United States,United States,Cleveland,,['Finance'],,,False,
2004,3,356,1.6 B,Lerner,Norma,Norma Lerner,1936-03-28,67,Female,United States,United States,Cleveland,,['Finance'],,,False,
2004,3,356,1.6 B,,,Joseph Lewis,,67,,United Kingdom,Bahamas,Lyford Cay,,['Finance'],,,,
2004,3,356,1.6 B,Lewis,Peter,Peter Lewis,1933-11-11,69,Male,United States,United States,Coconut Grove,,['Logistics'],,,False,Increased
2004,3,356,1.6 B,Lindner,Carl,Carl Lindner Jr & family,1919-04-22,84,Male,United States,United States,Cincinnati,,['Sports'],,,False,Returned to List
2004,3,356,1.6 B,Mera,Rosalia,Rosalia Mera,1944-01-28,60,Female,Spain,Spain,La Coruna,Billionaire,['Billionaire'],,"Investor, Philanthropist",False,Decreased
2004,3,356,1.6 B,,,George Mitchell,,84,,United States,United States,Houston,,['Oil'],,,,
2004,3,356,1.6 B,,,Charles Munger,,79,,n/a,n/a,,,,,,,
2004,3,356,1.6 B,,,Kazuo Okada & family,,61,,Japan,Japan,Tokyo,,,,,,
2004,3,356,1.6 B,,,Gregorio Perez Companc & family,,69,,Argentina,Argentina,Buenos Aires,,,,,,
2004,3,356,1.6 B,,,Peter Woo & family,,58,,Hong Kong,Hong Kong,Hong Kong,,['Real Estate'],,,,
2004,3,356,1.6 B,Yoovidhya,Chaleo,Chaleo Yoovidhya,1932-01-01,0,Male,Thailand,,,,['Food and Beverage'],,,False,Increased
2004,3,377,1.5 B,,,Lee Bass,,47,,United States,United States,Fort Worth,,['Oil'],,,,
2004,3,377,1.5 B,,,Julio Bozano,,68,,Brazil,Brazil,Rio de Janeiro,,['Finance'],,,,
2004,3,377,1.5 B,Dorrance,Bennett,Bennett Dorrance,1946-02-09,55,Male,United States,United States,Paradise Valley,,['Food and Beverage'],,,False,Increased
2004,3,377,1.5 B,,,Gerald J. Ford,,59,,United States,United States,Dallas,,['Finance'],,,,
2004,3,377,1.5 B,,,Daryl Katz,,42,,Canada,Canada,Edmonton,,['Retail'],,,,
2004,3,377,1.5 B,,,Herbert Kohler & family,,65,,United States,United States,Kohler,,['Manufacturing'],,,,
2004,3,377,1.5 B,,,Edward Lampert,,41,,United States,United States,Greenwich,,['Finance'],,,,
2004,3,377,1.5 B,McCain,Wallace,Wallace McCain,1930-01-01,74,Male,Canada,,,,['Food and Beverage'],,,False,Decreased
2004,3,377,1.5 B,Prada,Miuccia,Miuccia Prada,1949-05-10,54,Female,Italy,Italy,Rome,Business,['Business'],Prada,"Owner, Fashion Designer",False,Increased
2004,3,377,1.5 B,,,Harold Simmons,,72,,United States,United States,Dallas,,['Investments'],,,,
2004,3,377,1.5 B,,,Pat Stryker,,47,,United States,United States,Fort Collins,,['Health Care'],,,,
2004,3,377,1.5 B,,,Lucio Tan & family,,69,,Philippines,Philippines,Manila,,,,,,
2004,3,377,1.5 B,,,Hiroshi Yamauchi,,76,,Japan,Japan,Kyoto,,['Software'],,,,
2004,3,377,1.5 B,,,Vladimir Yevtushenkov,,55,,Russia,Russia,Moscow,,,,,,
2004,3,406,1.4 B,,,Mohammed Al Amoudi,,58,,Saudi Arabia,Saudi Arabia,Jidda,,['Oil'],,,,
2004,3,406,1.4 B,,,John Caudwell,,51,,United Kingdom,United Kingdom,Stoke-on-Trent,,,,,,
2004,3,406,1.4 B,,,Din Hwa Chen,,81,,Hong Kong,Hong Kong,Hong Kong,,['Real Estate'],,,,
2004,3,406,1.4 B,,,Jean Coutu,,76,,Canada,Canada,Quebec,,['Retail'],,,,
2004,3,406,1.4 B,,,Heinz-Horst Deichmann,,77,,Germany,Germany,Essen,,['Apparel'],,,,
2004,3,406,1.4 B,,,Barry Diller,,62,,United States,United States,New York,,['Media'],,,,
2004,3,406,1.4 B,,,David Duffield,,63,,United States,United States,Lake Tahoe,,,,,,
2004,3,406,1.4 B,,,Barbara Carlson Gage & family,,62,,United States,United States,Minneapolis,,,,,,
2004,3,406,1.4 B,Jacobs,Irwin,Irwin Jacobs,1933-10-18,70,Male,United States,United States,La Jolla,,['Technology'],,,False,Returned to List
2004,3,406,1.4 B,,,German Khan,,42,,Russia,Russia,Moscow,,['Oil'],,,,
2004,3,406,1.4 B,,,Rahmi Koc,,73,,Turkey,Turkey,Istanbul,,,,,,
2004,3,406,1.4 B,,,Alicia Koplowitz,,51,,Spain,Spain,Madrid,,['Investments'],,,,
2004,3,406,1.4 B,,,E. Stanley Kroenke,,56,,United States,United States,Columbia,,['Retail'],,,,
2004,3,406,1.4 B,,,Fredrik Lundberg,,52,,Sweden,Sweden,Stockholm,,['Retail'],,,,
2004,3,406,1.4 B,,,Dietrich Mateschitz,,59,,Austria,Austria,Fuschl am See,,['Beverages'],,,,
2004,3,406,1.4 B,,,Marilyn Carlson Nelson & family,,65,,United States,United States,Minneapolis,,,,,,
2004,3,406,1.4 B,Sall,John,John Sall,1948-04-04,54,Male,United States,United States,Cary,,['Technology'],,,False,Decreased
2004,3,406,1.4 B,Santo Domingo,Julio Mario,Julio Mario Santo Domingo,1923-10-16,80,Male,Colombia,,,,['Food and Beverage'],,,False,Returned to List
2004,3,406,1.4 B,,,Luis Carlos Sarmiento,,71,,Colombia,Colombia,Bogota,,['Finance'],,,,
2004,3,406,1.4 B,Smith,Frederick,Frederick Smith,1944-08-11,59,Male,United States,United States,Memphis,,['Logistics'],,,False,Increased
2004,3,406,1.4 B,,,Patrick Soon-Shiong,,52,,United States,United States,Los Angeles,,['Pharmaceuticals'],,,,
2004,3,406,1.4 B,,,Sylvia Stroher,,0,,Germany,Germany,Darmstadt,,['Retail'],,,,
2004,3,406,1.4 B,,,Henry Sy & family,,79,,Philippines,Philippines,Manila,,,,,,
2004,3,406,1.4 B,,,Albert Ueltschi,,86,,United States,United States,Irving,,,,,,
2004,3,437,1.3 B,,,Carl Berg,,66,,United States,United States,Atherton,,['Real Estate'],,,,
2004,3,437,1.3 B,,,Francesco Gaetano Caltagirone,,60,,Italy,Italy,,,,,,,
2004,3,437,1.3 B,,,Mark Cuban,,46,,United States,United States,Dallas,,,,,,
2004,3,437,1.3 B,,,Abilio dos Santos Diniz,,67,,Brazil,Brazil,Sao Paulo,,['Retail'],,,,
2004,3,437,1.3 B,,,Gustaf Douglas,,66,,Sweden,Sweden,Stockholm,,,,,,
2004,3,437,1.3 B,,,Leonid Fedun,,47,,Russia,Russia,Moscow,,['Oil'],,,,
2004,3,437,1.3 B,,,Victor Fung,,59,,United States,Hong Kong,Hong Kong,,,,,,
2004,3,437,1.3 B,,,William Fung,,56,,Hong Kong,Hong Kong,Hong Kong,,,,,,
2004,3,437,1.3 B,,,William Randolph Hearst,,54,,United States,United States,San Francisco,,['Media'],,,,
2004,3,437,1.3 B,,,Stanley Stub Hubbard,,70,,United States,United States,St. Mary's Point,,['Media'],,,,
2004,3,437,1.3 B,,,Saleh Kamel,,62,,Saudi Arabia,Saudi Arabia,Makkah Al-Minkarramah,,,,,,
2004,3,437,1.3 B,Kao,Min,Min Kao,1949-01-10,46,Male,United States,United States,Leawood,,['Manufacturing'],,,False,
2004,3,437,1.3 B,,,Henry Kravis,,60,,United States,United States,New York,,['Finance'],,,,
2004,3,437,1.3 B,,,Barry Lam,,54,,Taiwan,Taiwan,,,,,,,
2004,3,437,1.3 B,,,Richard Marriott,,65,,United States,United States,Potomac,,,,,,
2004,3,437,1.3 B,,,Robert McNair,,66,,n/a,n/a,,,,,,,
2004,3,437,1.3 B,,,Hans Riegel,,81,,Germany,Germany,Bonn,,['Food'],,,,
2004,3,437,1.3 B,,,George Roberts,,59,,United States,United States,San Francisco,,['Finance'],,,,
2004,3,437,1.3 B,,,Walter Scott,,72,,United States,United States,Omaha,,,,,,
2004,3,437,1.3 B,,,Thomas Siebel,,51,,United States,United States,San Mateo,,,,,,
2004,3,437,1.3 B,,,John Sobrato & family,,64,,United States,United States,Atherton,,['Real Estate'],,,,
2004,3,437,1.3 B,,,Harry Triguboff,,71,,Australia,Australia,Sydney,,['Real Estate'],,,,
2004,3,437,1.3 B,,,Nikolai Tsvetkov,,43,,Russia,Russia,Moscow,,['Oil'],,,,
2004,3,437,1.3 B,,,Joop van den Ende,,62,,Netherlands,Netherlands,,,['Media'],,,,
2004,3,437,1.3 B,,,Margaret Whitman,,47,,United States,United States,Palo Alto,,,,,,
2004,3,437,1.3 B,,,Mortimer Zuckerman,,66,,United States,United States,New York,,['Real Estate'],,,,
2004,3,472,1.2 B,,,Pierre Bellon & family,,74,,France,France,Paris,,,,,,
2004,3,472,1.2 B,Blank,Arthur,Arthur Blank,1942-09-27,61,Male,United States,United States,Atlanta,,['Sports'],,,False,Returned to List
2004,3,472,1.2 B,,,Yung Fa Chang,,77,,Taiwan,Taiwan,Taipei,,['Shipping'],,,,
2004,3,472,1.2 B,,,Phoebe Hearst Cooke,,77,,United States,United States,San Francisco,,['Media'],,,,
2004,3,472,1.2 B,,,Belmiro de Azevedo,,65,,Portugal,Portugal,Oporto,,,,,,
2004,3,472,1.2 B,DeBartolo,Edward,Edward DeBartolo Jr,1946-11-06,57,Male,United States,United States,Tampa,,['Real Estate'],,,False,
2004,3,472,1.2 B,,,"Archie Aldis ""Red"" Emmerson",,74,,United States,United States,Redding,,['Real Estate'],,,,
2004,3,472,1.2 B,,,Albert Frere,,78,,Belgium,Belgium,Charleroi,,['Investments'],,,,
2004,3,472,1.2 B,,,Soichiro Fukutake,,58,,Japan,Japan,Okayama,,,,,,
2004,3,472,1.2 B,Goldsbury,Christopher,Christopher Goldsbury,1943-01-01,61,Male,United States,United States,San Antonio,,['Food and Beverage'],,,False,Increased
2004,3,472,1.2 B,,,Jonathan Harmsworth,,36,,United Kingdom,United Kingdom,London,,['Media'],,,,
2004,3,472,1.2 B,,,Austin Hearst,,51,,United States,United States,New York,,['Media'],,,,
2004,3,472,1.2 B,,,David Hearst,,58,,United States,United States,Los Angeles,,['Media'],,,,
2004,3,472,1.2 B,,,George Hearst,,77,,United States,United States,Los Angeles,,['Media'],,,,
2004,3,472,1.2 B,,,Ingeburg Herz,,0,,Germany,Germany,,,['Retail'],,,,
2004,3,472,1.2 B,,,Robert Holding,,77,,United States,United States,Salt Lake City,,['Oil'],,,,
2004,3,472,1.2 B,,,Joseph Jamail,,78,,United States,United States,Houston,,,,,,
2004,3,472,1.2 B,,,James Jannard,,54,,United States,United States,San Juan Islands,,['Apparel'],,,,
2004,3,472,1.2 B,Lindemann,George,George Lindemann & family,1936-03-26,67,,n/a,United States,Palm Beach,,['Investments'],,,False,Remained Even
2004,3,472,1.2 B,,,John Marriott,,71,,United States,United States,Potomac,,,,,,
2004,2,472,1.2 B,Matthews,Terence (Terry),Terence (Terry) Matthews,1943-04-01,60,Male,United Kingdom,Canada,Ottawa,Telecom,['Telecom'],,,True,Increased
2004,3,472,1.2 B,,,Drayton McLane,,67,,United States,United States,Temple,,['Retail'],,,,
2004,3,472,1.2 B,,,Daniel Ziff,,32,,United States,United States,New York,,['Investments'],,,,
2004,3,472,1.2 B,Ziff,Dirk,Dirk Ziff,1964-04-01,39,Male,United States,United States,North Palm Beach,,['Investments'],,,False,Remained Even
2004,3,472,1.2 B,,,Robert Ziff,,37,,United States,United States,New York,,['Investments'],,,,
2004,3,514,1.1 B,,,John Arrillaga,,66,,United States,United States,Palo Alto,,['Real Estate'],,,,
2004,3,514,1.1 B,,,Sid Bass,,61,,United States,United States,Fort Worth,,['Oil'],,,,
2004,3,514,1.1 B,,,Scott Cook,,51,,United States,United States,Woodside,,,,,,
2004,3,514,1.1 B,,,Robert Friedland,,53,,United States,Singapore,Singapore,,,,,,
2004,3,514,1.1 B,,,John Gandel,,69,,Australia,Australia,Melbourne,,['Real Estate'],,,,
2004,3,514,1.1 B,,,Alan Gerry,,74,,United States,United States,Liberty,,['Media'],,,,
2004,3,514,1.1 B,Glazer,Malcolm,Malcolm Glazer & family,1928-08-15,76,Male,United States,United States,Palm Beach,,['Sports'],,,False,
2004,3,514,1.1 B,Green,David,David Green,1941-11-13,63,Male,United States,United States,Oklahoma City,,['Fashion and Retail'],,,False,
2004,3,514,1.1 B,,,Marguerite Harbert,,80,,United States,United States,Birmingham,,,,,,
2004,3,514,1.1 B,,,Stephen Jarislowsky,,78,,Canada,Canada,Montreal,,['Finance'],,,,
2004,3,514,1.1 B,Kellogg,William,William Kellogg,1943-07-08,60,Male,United States,United States,Oconomowoc,,['Fashion and Retail'],,,False,Remained Even
2004,3,514,1.1 B,,,Guy Laliberte,,44,,Canada,Canada,Montreal,,['Media'],,,,
2004,3,514,1.1 B,,,Jorge Paulo Lemann,,64,,Brazil,Brazil,Rio de Janeiro,,['Finance'],,,,
2004,3,514,1.1 B,,,Richard Li,,37,,Hong Kong,Hong Kong,Hong Kong,,,,,,
2004,3,514,1.1 B,,,Gary Magness,,50,,United States,United States,Cherry Hills,,['Media'],,,,
2004,3,514,1.1 B,McCombs,"Billy Joe ""Red""",Billy Joe (Red) McCombs,1927-10-19,76,Male,United States,United States,San Antonio,,['Media'],,,False,Remained Even
2004,3,514,1.1 B,,,Andrey Melnichenko,,32,,Russia,Russia,Moscow,,,,,,
2004,3,514,1.1 B,,,Arnon Milchan,,59,,Israel,Israel,Tel Aviv,,['Media'],,,,
2004,3,514,1.1 B,,,Richard Peery,,63,,United States,United States,Palo Alto,,['Real Estate'],,,,
2004,3,514,1.1 B,,,Richard Scaife,,71,,United States,United States,Pittsburgh,,['Finance'],,,,
2004,3,514,1.1 B,,,Monika Schoeller,,65,,Germany,Germany,,,['Media'],,,,
2004,3,514,1.1 B,,,Kenny Troutt,,56,,United States,United States,Dallas,,,,,,
2004,3,514,1.1 B,,,Stefan von Holtzbrinck,,40,,Germany,Germany,Stuttgart,,['Media'],,,,
2004,3,514,1.1 B,,,Charlotte Colket Weber,,59,,United States,United States,Ocala,,['Food'],,,,
2004,3,514,1.1 B,Winfrey,Oprah,Oprah Winfrey,1954-01-29,50,Female,United States,United States,Chicago,,['Media'],,,False,Increased
2004,3,514,1.1 B,,,Stephen Wynn,,62,,United States,United States,Las Vegas,,,,,,
2004,3,514,1.1 B,,,Larry Yung,,62,,China,China,Shanghai,,,,,,
2004,3,552,1.0 B,,,Alexander Abramov,,45,,Russia,Russia,Moscow,,,,,,
2004,3,552,1.0 B,,,Anil Agarwal,,50,,India,India,,,,,,,
2004,3,552,1.0 B,Anderson,John,John Anderson,1917-09-12,86,Male,United States,,,,['Investments'],,,False,
2004,3,552,1.0 B,,,George Argyros,,67,,United States,United States,Newport Beach,,['Real Estate'],,,,
2004,3,552,1.0 B,,,Neil Bluhm,,66,,United States,United States,Chicago,,['Real Estate'],,,,
2004,3,552,1.0 B,,,Sergey Brin,,31,,United States,United States,Mountain View,,,,,,
2004,3,552,1.0 B,Burrell,Gary,Gary Burrell,1937-08-24,66,Male,United States,United States,Spring Hill,,['Manufacturing'],,,False,
2004,3,552,1.0 B,,,Turgay Ciner,,48,,Turkey,Turkey,Istanbul,,,,,,
2004,3,552,1.0 B,,,Steven Cohen,,48,,United States,United States,Greenwich,,['Investments'],,,,
2004,3,552,1.0 B,,,Bulent Eczacibasi,,0,,Turkey,Turkey,Istanbul,,['Pharmaceuticals'],,,,
2004,3,552,1.0 B,Ford,William,William Ford Sr,1925-03-14,79,Male,United States,United States,Grosse Pointe Shores,,['Manufacturing'],,,False,Returned to List
2004,3,552,1.0 B,Jones,Jerral,Jerry Jones,1942-10-13,61,Male,United States,United States,Dallas,,['Sports'],,,False,
2004,3,552,1.0 B,,,Morris Kahn,,74,,Israel,Israel,Unknown,,['Investments'],,,,
2004,3,552,1.0 B,,,Alfred Mann,,78,,United States,United States,Los Angeles,,['Health Care'],,,,
2004,3,552,1.0 B,,,Larry Page,,31,,United States,United States,Mountain View,,,,,,
2004,3,552,1.0 B,,,Liselott Persson,,0,,Sweden,Sweden,,,['Retail'],,,,
2004,3,552,1.0 B,,,Stefano Pessina,,62,,Italy,Monaco,Monte Carlo,,['Health Care'],,,,
2004,3,552,1.0 B,,,Sergei Popov,,32,,Russia,Russia,Moscow,,,,,,
2004,3,552,1.0 B,Rowling,Joanne (J.K.),J.K. Rowling,1965-07-31,38,Female,United Kingdom,Scotland,Edinburgh,,['Media'],,,False,
2004,3,552,1.0 B,,,Lily Safra,,0,,Brazil,Monaco,,,['Finance'],,,,
2004,3,552,1.0 B,Taubman,A. Alfred,Alfred Taubman,1924-01-31,79,Male,United States,United States,Bloomfield Hills,,['Real Estate'],,,False,Returned to List
2004,3,552,1.0 B,,,Olav Thon,,80,,Norway,Norway,Oslo,,['Real Estate'],,,,
2004,3,552,1.0 B,,,Hiew King Tiong,,68,,Malaysia,Malaysia,Sibu,,,,,,
2004,3,552,1.0 B,,,Hope Hill van Beuren,,67,,United States,United States,Middletown,,['Food'],,,,
2004,3,552,1.0 B,,,Dean White,,80,,n/a,n/a,,,,,,,
